ʱ��,�¼�
2019-10-22.23:42:50,updateD:\woniusalessvn��Ŀ
2019-10-22.23:42:52,����build.xml�����汾
2019-10-22.23:43:15,����woniusales��tomcat��
2019-10-23.10:18:39,updateD:\\woniusalessvn��Ŀ
2019-10-23.10:18:45,����build.xml�����汾
2019-10-23.10:19:07,����woniusales��tomcat��
2019-10-23.10:26:20,updateD:\\woniusalessvn��Ŀ
2019-10-23.10:26:23,����build.xml�����汾
2019-10-23.10:26:45,����woniusales��tomcat��
2019-10-23.12:54:42,updateD:\\woniusalessvn��Ŀ
2019-10-23.12:54:45,����build.xml�����汾
2019-10-23.12:55:07,����woniusales��tomcat��
2019-10-23.13:00:56,updateD:\\woniusalessvn��Ŀ
2019-10-23.13:00:59,����build.xml�����汾
2019-10-23.13:01:21,����woniusales��tomcat��
2019-10-23.16:27:09,updateD:\\woniusalessvn��Ŀ
2019-10-23.16:27:12,����build.xml�����汾
2019-10-23.16:35:26,updateD:\woniusalessvn��Ŀ
2019-10-23.16:35:29,����build.xml�����汾
2019-10-23.16:35:51,����woniusales��tomcat��
2019-10-23.16:44:32,updateD:\woniusalessvn��Ŀ
2019-10-23.16:44:35,����build.xml�����汾
2019-10-23.16:44:57,����woniusales��tomcat��
2019-10-23.16:45:44,updateD:\woniusalessvn��Ŀ
2019-10-23.16:45:47,����build.xml�����汾
2019-10-23.16:46:09,����woniusales��tomcat��
2019-10-23.16:48:00,updateD:\woniusalessvn��Ŀ
2019-10-23.16:48:03,����build.xml�����汾
2019-10-23.17:01:26,updateD:\woniusalessvn��Ŀ
2019-10-23.17:01:30,����build.xml�����汾
2019-10-23.17:01:52,����woniusales��tomcat��
2019-10-23.17:04:26,updateD:\woniusalessvn��Ŀ
2019-10-23.17:04:29,����build.xml�����汾
2019-10-23.17:04:52,����woniusales��tomcat��
2019-10-23.19:36:33,updateD:\woniusalessvn��Ŀ
2019-10-23.19:36:38,����build.xml�����汾
2019-10-23.19:37:00,����woniusales��tomcat��
2019-10-23.19:37:42,updateD:\woniusalessvn��Ŀ
2019-10-23.19:37:44,����build.xml�����汾
2019-10-23.19:38:05,����woniusales��tomcat��
